Date,Year,Month,MonthPeriod,MonthYear,Day,DayName
15-12-2019,2019,December,201912,19-Dec,15,Sunday
16-12-2019,2019,December,201912,19-Dec,16,Monday
17-12-2019,2019,December,201912,19-Dec,17,Tuesday
18-12-2019,2019,December,201912,19-Dec,18,Wednesday
19-12-2019,2019,December,201912,19-Dec,19,Thursday
20-12-2019,2019,December,201912,19-Dec,20,Friday
21-12-2019,2019,December,201912,19-Dec,21,Saturday
22-12-2019,2019,December,201912,19-Dec,22,Sunday
23-12-2019,2019,December,201912,19-Dec,23,Monday
24-12-2019,2019,December,201912,19-Dec,24,Tuesday
25-12-2019,2019,December,201912,19-Dec,25,Wednesday
26-12-2019,2019,December,201912,19-Dec,26,Thursday
27-12-2019,2019,December,201912,19-Dec,27,Friday
28-12-2019,2019,December,201912,19-Dec,28,Saturday
29-12-2019,2019,December,201912,19-Dec,29,Sunday
30-12-2019,2019,December,201912,19-Dec,30,Monday
31-12-2019,2019,December,201912,19-Dec,31,Tuesday
1/1/2020,2020,January,202001,20-Jan,1,Wednesday
2/1/2020,2020,January,202001,20-Jan,2,Thursday
3/1/2020,2020,January,202001,20-Jan,3,Friday
4/1/2020,2020,January,202001,20-Jan,4,Saturday
5/1/2020,2020,January,202001,20-Jan,5,Sunday
6/1/2020,2020,January,202001,20-Jan,6,Monday
7/1/2020,2020,January,202001,20-Jan,7,Tuesday
8/1/2020,2020,January,202001,20-Jan,8,Wednesday
9/1/2020,2020,January,202001,20-Jan,9,Thursday
10/1/2020,2020,January,202001,20-Jan,10,Friday
11/1/2020,2020,January,202001,20-Jan,11,Saturday
12/1/2020,2020,January,202001,20-Jan,12,Sunday
13-01-2020,2020,January,202001,20-Jan,13,Monday
14-01-2020,2020,January,202001,20-Jan,14,Tuesday
15-01-2020,2020,January,202001,20-Jan,15,Wednesday
16-01-2020,2020,January,202001,20-Jan,16,Thursday
17-01-2020,2020,January,202001,20-Jan,17,Friday
18-01-2020,2020,January,202001,20-Jan,18,Saturday
19-01-2020,2020,January,202001,20-Jan,19,Sunday
20-01-2020,2020,January,202001,20-Jan,20,Monday
21-01-2020,2020,January,202001,20-Jan,21,Tuesday
22-01-2020,2020,January,202001,20-Jan,22,Wednesday
23-01-2020,2020,January,202001,20-Jan,23,Thursday
24-01-2020,2020,January,202001,20-Jan,24,Friday
25-01-2020,2020,January,202001,20-Jan,25,Saturday
26-01-2020,2020,January,202001,20-Jan,26,Sunday
27-01-2020,2020,January,202001,20-Jan,27,Monday
28-01-2020,2020,January,202001,20-Jan,28,Tuesday
29-01-2020,2020,January,202001,20-Jan,29,Wednesday
30-01-2020,2020,January,202001,20-Jan,30,Thursday
31-01-2020,2020,January,202001,20-Jan,31,Friday
1/2/2020,2020,February,202002,20-Feb,1,Saturday
2/2/2020,2020,February,202002,20-Feb,2,Sunday
3/2/2020,2020,February,202002,20-Feb,3,Monday
4/2/2020,2020,February,202002,20-Feb,4,Tuesday
5/2/2020,2020,February,202002,20-Feb,5,Wednesday
6/2/2020,2020,February,202002,20-Feb,6,Thursday
7/2/2020,2020,February,202002,20-Feb,7,Friday
8/2/2020,2020,February,202002,20-Feb,8,Saturday
9/2/2020,2020,February,202002,20-Feb,9,Sunday
10/2/2020,2020,February,202002,20-Feb,10,Monday
11/2/2020,2020,February,202002,20-Feb,11,Tuesday
12/2/2020,2020,February,202002,20-Feb,12,Wednesday
13-02-2020,2020,February,202002,20-Feb,13,Thursday
14-02-2020,2020,February,202002,20-Feb,14,Friday
15-02-2020,2020,February,202002,20-Feb,15,Saturday
16-02-2020,2020,February,202002,20-Feb,16,Sunday
17-02-2020,2020,February,202002,20-Feb,17,Monday
18-02-2020,2020,February,202002,20-Feb,18,Tuesday
19-02-2020,2020,February,202002,20-Feb,19,Wednesday
20-02-2020,2020,February,202002,20-Feb,20,Thursday
21-02-2020,2020,February,202002,20-Feb,21,Friday
22-02-2020,2020,February,202002,20-Feb,22,Saturday
23-02-2020,2020,February,202002,20-Feb,23,Sunday
24-02-2020,2020,February,202002,20-Feb,24,Monday
25-02-2020,2020,February,202002,20-Feb,25,Tuesday
26-02-2020,2020,February,202002,20-Feb,26,Wednesday
27-02-2020,2020,February,202002,20-Feb,27,Thursday
28-02-2020,2020,February,202002,20-Feb,28,Friday
29-02-2020,2020,February,202002,20-Feb,29,Saturday
1/3/2020,2020,March,202003,20-Mar,1,Sunday
2/3/2020,2020,March,202003,20-Mar,2,Monday
3/3/2020,2020,March,202003,20-Mar,3,Tuesday
4/3/2020,2020,March,202003,20-Mar,4,Wednesday
5/3/2020,2020,March,202003,20-Mar,5,Thursday
6/3/2020,2020,March,202003,20-Mar,6,Friday
7/3/2020,2020,March,202003,20-Mar,7,Saturday
8/3/2020,2020,March,202003,20-Mar,8,Sunday
9/3/2020,2020,March,202003,20-Mar,9,Monday
10/3/2020,2020,March,202003,20-Mar,10,Tuesday
11/3/2020,2020,March,202003,20-Mar,11,Wednesday
12/3/2020,2020,March,202003,20-Mar,12,Thursday
13-03-2020,2020,March,202003,20-Mar,13,Friday
14-03-2020,2020,March,202003,20-Mar,14,Saturday
15-03-2020,2020,March,202003,20-Mar,15,Sunday
16-03-2020,2020,March,202003,20-Mar,16,Monday
17-03-2020,2020,March,202003,20-Mar,17,Tuesday
18-03-2020,2020,March,202003,20-Mar,18,Wednesday
19-03-2020,2020,March,202003,20-Mar,19,Thursday
20-03-2020,2020,March,202003,20-Mar,20,Friday
21-03-2020,2020,March,202003,20-Mar,21,Saturday
22-03-2020,2020,March,202003,20-Mar,22,Sunday
23-03-2020,2020,March,202003,20-Mar,23,Monday
24-03-2020,2020,March,202003,20-Mar,24,Tuesday
25-03-2020,2020,March,202003,20-Mar,25,Wednesday
26-03-2020,2020,March,202003,20-Mar,26,Thursday
27-03-2020,2020,March,202003,20-Mar,27,Friday
28-03-2020,2020,March,202003,20-Mar,28,Saturday
29-03-2020,2020,March,202003,20-Mar,29,Sunday
30-03-2020,2020,March,202003,20-Mar,30,Monday
31-03-2020,2020,March,202003,20-Mar,31,Tuesday
1/4/2020,2020,April,202004,20-Apr,1,Wednesday
2/4/2020,2020,April,202004,20-Apr,2,Thursday
3/4/2020,2020,April,202004,20-Apr,3,Friday
4/4/2020,2020,April,202004,20-Apr,4,Saturday
5/4/2020,2020,April,202004,20-Apr,5,Sunday
6/4/2020,2020,April,202004,20-Apr,6,Monday
7/4/2020,2020,April,202004,20-Apr,7,Tuesday
8/4/2020,2020,April,202004,20-Apr,8,Wednesday
9/4/2020,2020,April,202004,20-Apr,9,Thursday
10/4/2020,2020,April,202004,20-Apr,10,Friday
11/4/2020,2020,April,202004,20-Apr,11,Saturday
12/4/2020,2020,April,202004,20-Apr,12,Sunday
13-04-2020,2020,April,202004,20-Apr,13,Monday
14-04-2020,2020,April,202004,20-Apr,14,Tuesday
15-04-2020,2020,April,202004,20-Apr,15,Wednesday
16-04-2020,2020,April,202004,20-Apr,16,Thursday
17-04-2020,2020,April,202004,20-Apr,17,Friday
18-04-2020,2020,April,202004,20-Apr,18,Saturday
19-04-2020,2020,April,202004,20-Apr,19,Sunday
20-04-2020,2020,April,202004,20-Apr,20,Monday
21-04-2020,2020,April,202004,20-Apr,21,Tuesday
22-04-2020,2020,April,202004,20-Apr,22,Wednesday
23-04-2020,2020,April,202004,20-Apr,23,Thursday
24-04-2020,2020,April,202004,20-Apr,24,Friday
25-04-2020,2020,April,202004,20-Apr,25,Saturday
26-04-2020,2020,April,202004,20-Apr,26,Sunday
27-04-2020,2020,April,202004,20-Apr,27,Monday
28-04-2020,2020,April,202004,20-Apr,28,Tuesday
29-04-2020,2020,April,202004,20-Apr,29,Wednesday
30-04-2020,2020,April,202004,20-Apr,30,Thursday
1/5/2020,2020,May,202005,20-May,1,Friday
2/5/2020,2020,May,202005,20-May,2,Saturday
3/5/2020,2020,May,202005,20-May,3,Sunday
4/5/2020,2020,May,202005,20-May,4,Monday
5/5/2020,2020,May,202005,20-May,5,Tuesday
6/5/2020,2020,May,202005,20-May,6,Wednesday
7/5/2020,2020,May,202005,20-May,7,Thursday
8/5/2020,2020,May,202005,20-May,8,Friday
9/5/2020,2020,May,202005,20-May,9,Saturday
10/5/2020,2020,May,202005,20-May,10,Sunday
11/5/2020,2020,May,202005,20-May,11,Monday
12/5/2020,2020,May,202005,20-May,12,Tuesday
13-05-2020,2020,May,202005,20-May,13,Wednesday
14-05-2020,2020,May,202005,20-May,14,Thursday
15-05-2020,2020,May,202005,20-May,15,Friday
16-05-2020,2020,May,202005,20-May,16,Saturday
17-05-2020,2020,May,202005,20-May,17,Sunday
18-05-2020,2020,May,202005,20-May,18,Monday
19-05-2020,2020,May,202005,20-May,19,Tuesday
20-05-2020,2020,May,202005,20-May,20,Wednesday
21-05-2020,2020,May,202005,20-May,21,Thursday
22-05-2020,2020,May,202005,20-May,22,Friday
23-05-2020,2020,May,202005,20-May,23,Saturday
24-05-2020,2020,May,202005,20-May,24,Sunday
25-05-2020,2020,May,202005,20-May,25,Monday
26-05-2020,2020,May,202005,20-May,26,Tuesday
27-05-2020,2020,May,202005,20-May,27,Wednesday
28-05-2020,2020,May,202005,20-May,28,Thursday
29-05-2020,2020,May,202005,20-May,29,Friday
30-05-2020,2020,May,202005,20-May,30,Saturday
31-05-2020,2020,May,202005,20-May,31,Sunday
1/6/2020,2020,June,202006,20-Jun,1,Monday
2/6/2020,2020,June,202006,20-Jun,2,Tuesday
3/6/2020,2020,June,202006,20-Jun,3,Wednesday
4/6/2020,2020,June,202006,20-Jun,4,Thursday
5/6/2020,2020,June,202006,20-Jun,5,Friday
6/6/2020,2020,June,202006,20-Jun,6,Saturday
7/6/2020,2020,June,202006,20-Jun,7,Sunday
8/6/2020,2020,June,202006,20-Jun,8,Monday
9/6/2020,2020,June,202006,20-Jun,9,Tuesday
10/6/2020,2020,June,202006,20-Jun,10,Wednesday
11/6/2020,2020,June,202006,20-Jun,11,Thursday
12/6/2020,2020,June,202006,20-Jun,12,Friday
13-06-2020,2020,June,202006,20-Jun,13,Saturday
14-06-2020,2020,June,202006,20-Jun,14,Sunday
15-06-2020,2020,June,202006,20-Jun,15,Monday
16-06-2020,2020,June,202006,20-Jun,16,Tuesday
17-06-2020,2020,June,202006,20-Jun,17,Wednesday
18-06-2020,2020,June,202006,20-Jun,18,Thursday
19-06-2020,2020,June,202006,20-Jun,19,Friday
20-06-2020,2020,June,202006,20-Jun,20,Saturday
21-06-2020,2020,June,202006,20-Jun,21,Sunday
22-06-2020,2020,June,202006,20-Jun,22,Monday
23-06-2020,2020,June,202006,20-Jun,23,Tuesday
24-06-2020,2020,June,202006,20-Jun,24,Wednesday
25-06-2020,2020,June,202006,20-Jun,25,Thursday
26-06-2020,2020,June,202006,20-Jun,26,Friday
27-06-2020,2020,June,202006,20-Jun,27,Saturday
28-06-2020,2020,June,202006,20-Jun,28,Sunday
29-06-2020,2020,June,202006,20-Jun,29,Monday
30-06-2020,2020,June,202006,20-Jun,30,Tuesday
1/7/2020,2020,July,202007,20-Jul,1,Wednesday
2/7/2020,2020,July,202007,20-Jul,2,Thursday
3/7/2020,2020,July,202007,20-Jul,3,Friday
4/7/2020,2020,July,202007,20-Jul,4,Saturday
5/7/2020,2020,July,202007,20-Jul,5,Sunday
6/7/2020,2020,July,202007,20-Jul,6,Monday
7/7/2020,2020,July,202007,20-Jul,7,Tuesday
8/7/2020,2020,July,202007,20-Jul,8,Wednesday
9/7/2020,2020,July,202007,20-Jul,9,Thursday
10/7/2020,2020,July,202007,20-Jul,10,Friday
11/7/2020,2020,July,202007,20-Jul,11,Saturday
12/7/2020,2020,July,202007,20-Jul,12,Sunday
13-07-2020,2020,July,202007,20-Jul,13,Monday
14-07-2020,2020,July,202007,20-Jul,14,Tuesday
15-07-2020,2020,July,202007,20-Jul,15,Wednesday
16-07-2020,2020,July,202007,20-Jul,16,Thursday
17-07-2020,2020,July,202007,20-Jul,17,Friday
18-07-2020,2020,July,202007,20-Jul,18,Saturday
19-07-2020,2020,July,202007,20-Jul,19,Sunday
20-07-2020,2020,July,202007,20-Jul,20,Monday
21-07-2020,2020,July,202007,20-Jul,21,Tuesday
22-07-2020,2020,July,202007,20-Jul,22,Wednesday
23-07-2020,2020,July,202007,20-Jul,23,Thursday
24-07-2020,2020,July,202007,20-Jul,24,Friday
25-07-2020,2020,July,202007,20-Jul,25,Saturday
26-07-2020,2020,July,202007,20-Jul,26,Sunday
27-07-2020,2020,July,202007,20-Jul,27,Monday
28-07-2020,2020,July,202007,20-Jul,28,Tuesday
29-07-2020,2020,July,202007,20-Jul,29,Wednesday
30-07-2020,2020,July,202007,20-Jul,30,Thursday
31-07-2020,2020,July,202007,20-Jul,31,Friday
1/8/2020,2020,August,202008,20-Aug,1,Saturday
2/8/2020,2020,August,202008,20-Aug,2,Sunday
3/8/2020,2020,August,202008,20-Aug,3,Monday
4/8/2020,2020,August,202008,20-Aug,4,Tuesday
5/8/2020,2020,August,202008,20-Aug,5,Wednesday
6/8/2020,2020,August,202008,20-Aug,6,Thursday
7/8/2020,2020,August,202008,20-Aug,7,Friday
8/8/2020,2020,August,202008,20-Aug,8,Saturday
9/8/2020,2020,August,202008,20-Aug,9,Sunday
10/8/2020,2020,August,202008,20-Aug,10,Monday
11/8/2020,2020,August,202008,20-Aug,11,Tuesday
12/8/2020,2020,August,202008,20-Aug,12,Wednesday
13-08-2020,2020,August,202008,20-Aug,13,Thursday
14-08-2020,2020,August,202008,20-Aug,14,Friday
15-08-2020,2020,August,202008,20-Aug,15,Saturday
16-08-2020,2020,August,202008,20-Aug,16,Sunday
17-08-2020,2020,August,202008,20-Aug,17,Monday
18-08-2020,2020,August,202008,20-Aug,18,Tuesday
19-08-2020,2020,August,202008,20-Aug,19,Wednesday
20-08-2020,2020,August,202008,20-Aug,20,Thursday
21-08-2020,2020,August,202008,20-Aug,21,Friday
22-08-2020,2020,August,202008,20-Aug,22,Saturday
23-08-2020,2020,August,202008,20-Aug,23,Sunday
24-08-2020,2020,August,202008,20-Aug,24,Monday
25-08-2020,2020,August,202008,20-Aug,25,Tuesday
26-08-2020,2020,August,202008,20-Aug,26,Wednesday
27-08-2020,2020,August,202008,20-Aug,27,Thursday
28-08-2020,2020,August,202008,20-Aug,28,Friday
29-08-2020,2020,August,202008,20-Aug,29,Saturday
30-08-2020,2020,August,202008,20-Aug,30,Sunday
31-08-2020,2020,August,202008,20-Aug,31,Monday
1/9/2020,2020,September,202009,20-Sep,1,Tuesday
2/9/2020,2020,September,202009,20-Sep,2,Wednesday
3/9/2020,2020,September,202009,20-Sep,3,Thursday
4/9/2020,2020,September,202009,20-Sep,4,Friday
5/9/2020,2020,September,202009,20-Sep,5,Saturday
6/9/2020,2020,September,202009,20-Sep,6,Sunday
7/9/2020,2020,September,202009,20-Sep,7,Monday
8/9/2020,2020,September,202009,20-Sep,8,Tuesday
9/9/2020,2020,September,202009,20-Sep,9,Wednesday
10/9/2020,2020,September,202009,20-Sep,10,Thursday
11/9/2020,2020,September,202009,20-Sep,11,Friday
12/9/2020,2020,September,202009,20-Sep,12,Saturday
13-09-2020,2020,September,202009,20-Sep,13,Sunday
14-09-2020,2020,September,202009,20-Sep,14,Monday
15-09-2020,2020,September,202009,20-Sep,15,Tuesday
16-09-2020,2020,September,202009,20-Sep,16,Wednesday
17-09-2020,2020,September,202009,20-Sep,17,Thursday
18-09-2020,2020,September,202009,20-Sep,18,Friday
19-09-2020,2020,September,202009,20-Sep,19,Saturday
20-09-2020,2020,September,202009,20-Sep,20,Sunday
21-09-2020,2020,September,202009,20-Sep,21,Monday
22-09-2020,2020,September,202009,20-Sep,22,Tuesday
23-09-2020,2020,September,202009,20-Sep,23,Wednesday
24-09-2020,2020,September,202009,20-Sep,24,Thursday
25-09-2020,2020,September,202009,20-Sep,25,Friday
26-09-2020,2020,September,202009,20-Sep,26,Saturday
27-09-2020,2020,September,202009,20-Sep,27,Sunday
28-09-2020,2020,September,202009,20-Sep,28,Monday
29-09-2020,2020,September,202009,20-Sep,29,Tuesday
30-09-2020,2020,September,202009,20-Sep,30,Wednesday
1/10/2020,2020,October,202010,20-Oct,1,Thursday
2/10/2020,2020,October,202010,20-Oct,2,Friday
3/10/2020,2020,October,202010,20-Oct,3,Saturday
4/10/2020,2020,October,202010,20-Oct,4,Sunday
5/10/2020,2020,October,202010,20-Oct,5,Monday
6/10/2020,2020,October,202010,20-Oct,6,Tuesday
7/10/2020,2020,October,202010,20-Oct,7,Wednesday
8/10/2020,2020,October,202010,20-Oct,8,Thursday
9/10/2020,2020,October,202010,20-Oct,9,Friday
10/10/2020,2020,October,202010,20-Oct,10,Saturday
11/10/2020,2020,October,202010,20-Oct,11,Sunday
12/10/2020,2020,October,202010,20-Oct,12,Monday
13-10-2020,2020,October,202010,20-Oct,13,Tuesday
14-10-2020,2020,October,202010,20-Oct,14,Wednesday
15-10-2020,2020,October,202010,20-Oct,15,Thursday
16-10-2020,2020,October,202010,20-Oct,16,Friday
17-10-2020,2020,October,202010,20-Oct,17,Saturday
18-10-2020,2020,October,202010,20-Oct,18,Sunday
19-10-2020,2020,October,202010,20-Oct,19,Monday
20-10-2020,2020,October,202010,20-Oct,20,Tuesday
21-10-2020,2020,October,202010,20-Oct,21,Wednesday
22-10-2020,2020,October,202010,20-Oct,22,Thursday
23-10-2020,2020,October,202010,20-Oct,23,Friday
24-10-2020,2020,October,202010,20-Oct,24,Saturday
25-10-2020,2020,October,202010,20-Oct,25,Sunday
26-10-2020,2020,October,202010,20-Oct,26,Monday
27-10-2020,2020,October,202010,20-Oct,27,Tuesday
28-10-2020,2020,October,202010,20-Oct,28,Wednesday
29-10-2020,2020,October,202010,20-Oct,29,Thursday
30-10-2020,2020,October,202010,20-Oct,30,Friday
31-10-2020,2020,October,202010,20-Oct,31,Saturday
1/11/2020,2020,November,202011,20-Nov,1,Sunday
2/11/2020,2020,November,202011,20-Nov,2,Monday
3/11/2020,2020,November,202011,20-Nov,3,Tuesday
4/11/2020,2020,November,202011,20-Nov,4,Wednesday
5/11/2020,2020,November,202011,20-Nov,5,Thursday
6/11/2020,2020,November,202011,20-Nov,6,Friday
7/11/2020,2020,November,202011,20-Nov,7,Saturday
8/11/2020,2020,November,202011,20-Nov,8,Sunday
9/11/2020,2020,November,202011,20-Nov,9,Monday
10/11/2020,2020,November,202011,20-Nov,10,Tuesday
11/11/2020,2020,November,202011,20-Nov,11,Wednesday
12/11/2020,2020,November,202011,20-Nov,12,Thursday
13-11-2020,2020,November,202011,20-Nov,13,Friday
14-11-2020,2020,November,202011,20-Nov,14,Saturday
15-11-2020,2020,November,202011,20-Nov,15,Sunday
16-11-2020,2020,November,202011,20-Nov,16,Monday
17-11-2020,2020,November,202011,20-Nov,17,Tuesday
18-11-2020,2020,November,202011,20-Nov,18,Wednesday
19-11-2020,2020,November,202011,20-Nov,19,Thursday
20-11-2020,2020,November,202011,20-Nov,20,Friday
21-11-2020,2020,November,202011,20-Nov,21,Saturday
22-11-2020,2020,November,202011,20-Nov,22,Sunday
23-11-2020,2020,November,202011,20-Nov,23,Monday
24-11-2020,2020,November,202011,20-Nov,24,Tuesday
25-11-2020,2020,November,202011,20-Nov,25,Wednesday
26-11-2020,2020,November,202011,20-Nov,26,Thursday
27-11-2020,2020,November,202011,20-Nov,27,Friday
28-11-2020,2020,November,202011,20-Nov,28,Saturday
29-11-2020,2020,November,202011,20-Nov,29,Sunday
30-11-2020,2020,November,202011,20-Nov,30,Monday
1/12/2020,2020,December,202012,20-Dec,1,Tuesday
2/12/2020,2020,December,202012,20-Dec,2,Wednesday
3/12/2020,2020,December,202012,20-Dec,3,Thursday
4/12/2020,2020,December,202012,20-Dec,4,Friday
5/12/2020,2020,December,202012,20-Dec,5,Saturday
6/12/2020,2020,December,202012,20-Dec,6,Sunday
7/12/2020,2020,December,202012,20-Dec,7,Monday
8/12/2020,2020,December,202012,20-Dec,8,Tuesday
9/12/2020,2020,December,202012,20-Dec,9,Wednesday
10/12/2020,2020,December,202012,20-Dec,10,Thursday
11/12/2020,2020,December,202012,20-Dec,11,Friday
12/12/2020,2020,December,202012,20-Dec,12,Saturday
13-12-2020,2020,December,202012,20-Dec,13,Sunday
14-12-2020,2020,December,202012,20-Dec,14,Monday
15-12-2020,2020,December,202012,20-Dec,15,Tuesday
16-12-2020,2020,December,202012,20-Dec,16,Wednesday
17-12-2020,2020,December,202012,20-Dec,17,Thursday
18-12-2020,2020,December,202012,20-Dec,18,Friday
19-12-2020,2020,December,202012,20-Dec,19,Saturday
20-12-2020,2020,December,202012,20-Dec,20,Sunday
21-12-2020,2020,December,202012,20-Dec,21,Monday
22-12-2020,2020,December,202012,20-Dec,22,Tuesday
23-12-2020,2020,December,202012,20-Dec,23,Wednesday
24-12-2020,2020,December,202012,20-Dec,24,Thursday
25-12-2020,2020,December,202012,20-Dec,25,Friday
26-12-2020,2020,December,202012,20-Dec,26,Saturday
27-12-2020,2020,December,202012,20-Dec,27,Sunday
28-12-2020,2020,December,202012,20-Dec,28,Monday
29-12-2020,2020,December,202012,20-Dec,29,Tuesday
30-12-2020,2020,December,202012,20-Dec,30,Wednesday
31-12-2020,2020,December,202012,20-Dec,31,Thursday
